file_name,label
receipt/X51007339638_6.jpg,0
receipt/X51007846403_2.jpg,0
receipt/X51005663300_9.jpg,0
receipt/X51007846266_11.jpg,0
receipt/X51007231343_15.jpg,0
receipt/X51006414427_30.jpg,0
receipt/X51006857540_1.jpg,0
receipt/X51007846266_32.jpg,0
receipt/X51006502535_12.jpg,0
receipt/X51006502535_45.jpg,0
receipt/X51005677327_27.jpg,0
receipt/X51005663300_36.jpg,0
receipt/X51005677327_6.jpg,0
receipt/X51007846403_12.jpg,0
receipt/X51005568889_12.jpg,0
receipt/X51005677337_22.jpg,0
receipt/X51005746210_7.jpg,0
receipt/X51007231346_18.jpg,0
receipt/X51005677337_12.jpg,0
receipt/X51007231346_38.jpg,0
receipt/X51005677327_31.jpg,0
receipt/X51005715455_20.jpg,0
receipt/X51007231346_40.jpg,0
receipt/X51006857540_2.jpg,0
receipt/X51006502535_31.jpg,0
receipt/X51007846403_15.jpg,0
receipt/X51005663300_17.jpg,0
receipt/X51005568889_29.jpg,0
receipt/X51006619779_36.jpg,0
receipt/X51005605287_19.jpg,0
receipt/X51005605287_39.jpg,0
receipt/X51007231346_23.jpg,0
receipt/X51005746210_39.jpg,0
receipt/X51006414427_17.jpg,0
receipt/X51007846403_30.jpg,0
receipt/X51006857540_5.jpg,0
receipt/X51005605287_9.jpg,0
receipt/X51006502535_33.jpg,0
receipt/X51007846403_32.jpg,0
receipt/X51007231346_16.jpg,0
receipt/X51006857540_41.jpg,0
receipt/X51005677327_23.jpg,0
receipt/X51006502535_3.jpg,0
receipt/X51005301666_24.jpg,0
receipt/X51005677337_9.jpg,0
receipt/X51006414427_38.jpg,0
receipt/X51005301666_16.jpg,0
receipt/X51006334770_37.jpg,0
receipt/X51007231346_15.jpg,0
receipt/X51006502535_38.jpg,0
receipt/X51007846403_1.jpg,0
receipt/X51006502535_18.jpg,0
receipt/X51007339638_0.jpg,0
receipt/X51005746210_14.jpg,0
receipt/X51005663300_15.jpg,0
receipt/X51006334770_22.jpg,0
receipt/X51005677337_2.jpg,0
receipt/X51005677337_6.jpg,0
receipt/X51005715455_30.jpg,0
receipt/X51005663300_10.jpg,0
receipt/X51005677337_15.jpg,0
receipt/X51005677337_8.jpg,0
receipt/X51005301666_12.jpg,0
receipt/X51007846266_29.jpg,0
receipt/X51006857540_34.jpg,0
receipt/X51005605287_43.jpg,0
receipt/X51006414427_31.jpg,0
receipt/X51005677337_7.jpg,0
receipt/X51007846403_18.jpg,0
receipt/X51006619779_18.jpg,0
receipt/X51005568889_44.jpg,0
receipt/X51006619779_12.jpg,0
receipt/X51007231343_36.jpg,0
receipt/X51007846266_38.jpg,0
receipt/X51005677337_19.jpg,0
receipt/X51005301666_7.jpg,0
receipt/X51006857540_16.jpg,0
receipt/X51006619779_34.jpg,0
receipt/X51005663300_26.jpg,0
receipt/X51005568889_15.jpg,0
receipt/X51005663300_20.jpg,0
receipt/X51005301666_11.jpg,0
receipt/X51005568889_27.jpg,0
receipt/X51006502535_10.jpg,0
receipt/X51005746210_15.jpg,0
receipt/X51007231343_12.jpg,0
receipt/X51007846403_9.jpg,0
receipt/X51006414427_43.jpg,0
receipt/X51007846266_10.jpg,0
receipt/X51005677327_36.jpg,0
receipt/X51005715455_11.jpg,0
receipt/X51006334770_32.jpg,0
receipt/X51007339638_27.jpg,0
receipt/X51005677337_18.jpg,0
receipt/X51006619779_9.jpg,0
receipt/X51005605287_27.jpg,0
receipt/X51007231346_0.jpg,0
receipt/X51007231343_9.jpg,0
receipt/X51007339638_37.jpg,0
receipt/X51005746210_29.jpg,0
receipt/X51007231343_29.jpg,0
receipt/X51007846266_39.jpg,0
receipt/X51006414427_23.jpg,0
receipt/X51007231346_8.jpg,0
receipt/X51005301666_1.jpg,0
receipt/X51005663300_5.jpg,0
receipt/X51007846403_4.jpg,0
receipt/X51005746210_30.jpg,0
receipt/X51007231343_31.jpg,0
receipt/X51007231343_37.jpg,0
receipt/X51005746210_19.jpg,0
receipt/X51006414427_39.jpg,0
receipt/X51005605287_10.jpg,0
receipt/X51005677327_5.jpg,0
receipt/X51005677337_33.jpg,0
receipt/X51007231346_20.jpg,0
receipt/X51006334770_28.jpg,0
receipt/X51006502535_47.jpg,0
receipt/X51006334770_7.jpg,0
receipt/X51005568889_26.jpg,0
receipt/X51005746210_17.jpg,0
receipt/X51007846403_7.jpg,0
receipt/X51006414427_32.jpg,0
receipt/X51005677337_36.jpg,0
receipt/X51005301666_9.jpg,0
receipt/X51006619779_28.jpg,0
receipt/X51007846266_1.jpg,0
receipt/X51005677327_34.jpg,0
receipt/X51006857540_0.jpg,0
receipt/X51005715455_12.jpg,0
receipt/X51005301666_6.jpg,0
receipt/X51007231346_5.jpg,0
receipt/X51007846266_36.jpg,0
receipt/X51007846403_29.jpg,0
receipt/X51006334770_3.jpg,0
receipt/X51006619779_20.jpg,0
receipt/X51007846266_9.jpg,0
receipt/X51005677327_19.jpg,0
receipt/X51007846403_13.jpg,0
receipt/X51006857540_23.jpg,0
receipt/X51007231343_22.jpg,0
receipt/X51005605287_26.jpg,0
receipt/X51006857540_3.jpg,0
receipt/X51007339638_25.jpg,0
receipt/X51005715455_22.jpg,0
receipt/X51005568889_2.jpg,0
receipt/X51005677337_16.jpg,0
receipt/X51006414427_36.jpg,0
receipt/X51005715455_14.jpg,0
receipt/X51005746210_25.jpg,0
receipt/X51007231343_5.jpg,0
receipt/X51007231346_21.jpg,0
receipt/X51006619779_40.jpg,0
receipt/X51007846266_7.jpg,0
receipt/X51005677337_1.jpg,0
receipt/X51007846266_34.jpg,0
receipt/X51005677327_0.jpg,0
receipt/X51005677327_24.jpg,0
receipt/X51006334770_21.jpg,0
receipt/X51005677337_31.jpg,0
receipt/X51005568889_17.jpg,0
receipt/X51007339638_11.jpg,0
receipt/X51007339638_21.jpg,0
receipt/X51005677337_28.jpg,0
receipt/X51006502535_29.jpg,0
receipt/X51005677327_29.jpg,0
receipt/X51006857540_25.jpg,0
receipt/X51005568889_40.jpg,0
receipt/X51007231343_20.jpg,0
receipt/X51005746210_8.jpg,0
receipt/X51005568889_33.jpg,0
receipt/X51006414427_28.jpg,0
receipt/X51006502535_21.jpg,0
receipt/X51007846266_5.jpg,0
receipt/X51005677337_40.jpg,0
receipt/X51006502535_8.jpg,0
receipt/X51007339638_23.jpg,0
receipt/X51005746210_18.jpg,0
receipt/X51007339638_28.jpg,0
receipt/X51007339638_36.jpg,0
receipt/X51006334770_24.jpg,0
receipt/X51007339638_44.jpg,0
receipt/X51006502535_4.jpg,0
receipt/X51007339638_12.jpg,0
receipt/X51005677337_44.jpg,0
receipt/X51005568889_13.jpg,0
receipt/X51005715455_31.jpg,0
receipt/X51005568889_14.jpg,0
receipt/X51006502535_17.jpg,0
receipt/X51007231346_3.jpg,0
receipt/X51007339638_19.jpg,0
receipt/X51005568889_35.jpg,0
receipt/X51007231346_49.jpg,0
receipt/X51007339638_31.jpg,0
receipt/X51006857540_45.jpg,0
receipt/X51005677337_43.jpg,0
receipt/X51007339638_29.jpg,0
receipt/X51005677327_42.jpg,0
receipt/X51006414427_6.jpg,0
receipt/X51005715455_10.jpg,0
receipt/X51006502535_34.jpg,0
receipt/X51007339638_13.jpg,0
receipt/X51006414427_42.jpg,0
receipt/X51007231343_13.jpg,0
receipt/X51007231346_9.jpg,0
receipt/X51006414427_9.jpg,0
receipt/X51006414427_26.jpg,0
receipt/X51007846403_22.jpg,0
receipt/X51007846266_18.jpg,0
receipt/X51005677327_30.jpg,0
receipt/X51005568889_10.jpg,0
receipt/X51006334770_30.jpg,0
receipt/X51005301666_28.jpg,0
receipt/X51005605287_34.jpg,0
receipt/X51005677327_15.jpg,0
receipt/X51005677337_14.jpg,0
receipt/X51007846403_27.jpg,0
receipt/X51007339638_20.jpg,0
receipt/X51006502535_40.jpg,0
receipt/X51007231346_22.jpg,0
receipt/X51006619779_6.jpg,0
receipt/X51006334770_26.jpg,0
receipt/X51007231343_33.jpg,0
receipt/X51007231343_30.jpg,0
receipt/X51006502535_7.jpg,0
receipt/X51006502535_27.jpg,0
receipt/X51005677327_41.jpg,0
receipt/X51005746210_10.jpg,0
receipt/X51007231346_48.jpg,0
receipt/X51007231346_24.jpg,0
receipt/X51007846403_5.jpg,0
receipt/X51005605287_15.jpg,0
receipt/X51005715455_36.jpg,0
receipt/X51007846266_35.jpg,0
receipt/X51007846266_8.jpg,0
receipt/X51005568889_48.jpg,0
receipt/X51005715455_9.jpg,0
receipt/X51006619779_23.jpg,0
receipt/X51005568889_7.jpg,0
receipt/X51005677337_32.jpg,0
receipt/X51005715455_8.jpg,0
receipt/X51005715455_49.jpg,0
receipt/X51005568889_18.jpg,0
receipt/X51006334770_17.jpg,0
receipt/X51007231346_39.jpg,0
receipt/X51006414427_19.jpg,0
receipt/X51005715455_40.jpg,0
receipt/X51005677327_20.jpg,0
receipt/X51007231343_10.jpg,0
receipt/X51006619779_0.jpg,0
receipt/X51005605287_2.jpg,0
receipt/X51006857540_11.jpg,0
receipt/X51006857540_7.jpg,0
receipt/X51006414427_41.jpg,0
receipt/X51005663300_18.jpg,0
receipt/X51005746210_4.jpg,0
receipt/X51005677337_21.jpg,0
receipt/X51006414427_12.jpg,0
receipt/X51005677337_35.jpg,0
receipt/X51006334770_18.jpg,0
receipt/X51006857540_6.jpg,0
receipt/X51006619779_2.jpg,0
receipt/X51005605287_5.jpg,0
receipt/X51005663300_32.jpg,0
receipt/X51005568889_3.jpg,0
receipt/X51007846266_19.jpg,0
receipt/X51005715455_46.jpg,0
receipt/X51005715455_23.jpg,0
receipt/X51005663300_23.jpg,0
receipt/X51005605287_22.jpg,0
receipt/X51007339638_34.jpg,0
receipt/X51007846266_41.jpg,0
receipt/X51005568889_31.jpg,0
receipt/X51007231346_29.jpg,0
receipt/X51006414427_21.jpg,0
receipt/X51007231346_7.jpg,0
receipt/X51005715455_5.jpg,0
receipt/X51005677327_28.jpg,0
receipt/X51007846266_20.jpg,0
receipt/X51006619779_38.jpg,0
receipt/X51005677337_17.jpg,0
receipt/X51006857540_26.jpg,0
receipt/X51005568889_46.jpg,0
receipt/X51006619779_26.jpg,0
receipt/X51005715455_2.jpg,0
receipt/X51007339638_32.jpg,0
receipt/X51007339638_8.jpg,0
receipt/X51005677327_33.jpg,0
receipt/X51005568889_9.jpg,0
receipt/X51006414427_3.jpg,0
receipt/X51006857540_33.jpg,0
receipt/X51007339638_40.jpg,0
receipt/X51005715455_13.jpg,0
receipt/X51005715455_47.jpg,0
receipt/X51005568889_23.jpg,0
receipt/X51007231346_35.jpg,0
receipt/X51005301666_0.jpg,0
receipt/X51006619779_39.jpg,0
receipt/X51005605287_8.jpg,0
receipt/X51005715455_3.jpg,0
receipt/X51005677327_4.jpg,0
receipt/X51005663300_3.jpg,0
receipt/X51006857540_19.jpg,0
receipt/X51005746210_5.jpg,0
receipt/X51007231346_27.jpg,0
receipt/X51006502535_30.jpg,0
receipt/X51005715455_7.jpg,0
receipt/X51007231346_28.jpg,0
receipt/X51006619779_37.jpg,0
receipt/X51006334770_16.jpg,0
receipt/X51007846266_26.jpg,0
receipt/X51005715455_16.jpg,0
receipt/X51005663300_4.jpg,0
receipt/X51006502535_22.jpg,0
receipt/X51005568889_47.jpg,0
receipt/X51005663300_14.jpg,0
receipt/X51005568889_21.jpg,0
receipt/X51006857540_44.jpg,0
receipt/X51005715455_33.jpg,0
receipt/X51005663300_7.jpg,0
receipt/X51006502535_35.jpg,0
receipt/X51006502535_28.jpg,0
receipt/X51006619779_25.jpg,0
receipt/X51007846403_10.jpg,0
receipt/X51005301666_2.jpg,0
receipt/X51007231346_43.jpg,0
receipt/X51006502535_23.jpg,0
receipt/X51007231343_40.jpg,0
receipt/X51006857540_47.jpg,0
receipt/X51005605287_40.jpg,0
receipt/X51006414427_37.jpg,0
receipt/X51006857540_12.jpg,0
receipt/X51005605287_42.jpg,0
receipt/X51005663300_38.jpg,0
receipt/X51006857540_36.jpg,0
receipt/X51005663300_35.jpg,0
receipt/X51007231346_44.jpg,0
receipt/X51007339638_35.jpg,0
receipt/X51007846266_0.jpg,0
receipt/X51005301666_3.jpg,0
receipt/X51005568889_4.jpg,0
receipt/X51005301666_17.jpg,0
receipt/X51007846266_27.jpg,0
receipt/X51005663300_12.jpg,0
receipt/X51005605287_13.jpg,0
receipt/X51007339638_22.jpg,0
receipt/X51005677327_25.jpg,0
receipt/X51006619779_41.jpg,0
receipt/X51006857540_32.jpg,0
receipt/X51005605287_41.jpg,0
receipt/X51005677327_12.jpg,0
receipt/X51007846266_16.jpg,0
receipt/X51007339638_17.jpg,0
receipt/X51005677327_9.jpg,0
receipt/X51005715455_32.jpg,0
receipt/X51005605287_1.jpg,0
receipt/X51007231343_23.jpg,0
receipt/X51005715455_34.jpg,0
receipt/X51007846266_30.jpg,0
receipt/X51005715455_27.jpg,0
receipt/X51006502535_0.jpg,0
receipt/X51005605287_7.jpg,0
receipt/X51006619779_11.jpg,0
receipt/X51007231343_24.jpg,0
receipt/X51007846403_24.jpg,0
receipt/X51005677327_26.jpg,0
receipt/X51006619779_33.jpg,0
receipt/X51006334770_19.jpg,0
receipt/X51006857540_17.jpg,0
receipt/X51006334770_36.jpg,0
receipt/X51006619779_24.jpg,0
receipt/X51005746210_28.jpg,0
receipt/X51006502535_39.jpg,0
receipt/X51007846266_28.jpg,0
receipt/X51005746210_3.jpg,0
receipt/X51007339638_39.jpg,0
receipt/X51006334770_14.jpg,0
receipt/X51006414427_18.jpg,0
receipt/X51005677327_11.jpg,0
receipt/X51007231343_38.jpg,0
receipt/X51006334770_2.jpg,0
receipt/X51006414427_0.jpg,0
receipt/X51006502535_32.jpg,0
receipt/X51005605287_12.jpg,0
receipt/X51007846403_23.jpg,0
receipt/X51006414427_27.jpg,0
receipt/X51005568889_19.jpg,0
receipt/X51006857540_10.jpg,0
receipt/X51007231346_32.jpg,0
receipt/X51006502535_11.jpg,0
receipt/X51005568889_6.jpg,0
receipt/X51005746210_21.jpg,0
receipt/X51007846403_16.jpg,0
receipt/X51005663300_30.jpg,0
receipt/X51007231346_17.jpg,0
receipt/X51006857540_20.jpg,0
receipt/X51007231343_17.jpg,0
receipt/X51006334770_35.jpg,0
receipt/X51006502535_26.jpg,0
receipt/X51007339638_38.jpg,0
receipt/X51007846266_6.jpg,0
receipt/X51007231343_26.jpg,0
receipt/X51006334770_34.jpg,0
receipt/X51006619779_43.jpg,0
receipt/X51007846403_25.jpg,0
receipt/X51006334770_4.jpg,0
receipt/X51005605287_29.jpg,0
receipt/X51005715455_4.jpg,0
receipt/X51006334770_6.jpg,0
receipt/X51005715455_51.jpg,0
receipt/X51005715455_45.jpg,0
receipt/X51007846403_34.jpg,0
receipt/X51005677337_3.jpg,0
receipt/X51007231346_2.jpg,0
receipt/X51006334770_12.jpg,0
receipt/X51006502535_6.jpg,0
receipt/X51005568889_25.jpg,0
receipt/X51006857540_43.jpg,0
receipt/X51006502535_25.jpg,0
receipt/X51005605287_35.jpg,0
receipt/X51005605287_38.jpg,0
receipt/X51006857540_22.jpg,0
receipt/X51005568889_0.jpg,0
receipt/X51005663300_1.jpg,0
receipt/X51006502535_41.jpg,0
receipt/X51007846266_42.jpg,0
receipt/X51005663300_34.jpg,0
receipt/X51007846403_26.jpg,0
receipt/X51005715455_48.jpg,0
receipt/X51007231346_34.jpg,0
receipt/X51006334770_29.jpg,0
receipt/X51006619779_3.jpg,0
receipt/X51005301666_14.jpg,0
receipt/X51006334770_20.jpg,0
receipt/X51005605287_33.jpg,0
receipt/X51006334770_9.jpg,0
receipt/X51005663300_27.jpg,0
receipt/X51007846403_3.jpg,0
receipt/X51005605287_4.jpg,0
receipt/X51005677337_11.jpg,0
receipt/X51005301666_37.jpg,0
receipt/X51005715455_1.jpg,0
receipt/X51005746210_20.jpg,0
receipt/X51005663300_11.jpg,0
receipt/X51005677337_45.jpg,0
receipt/X51005677327_40.jpg,0
receipt/X51005677337_4.jpg,0
receipt/X51007339638_16.jpg,0
receipt/X51006334770_1.jpg,0
receipt/X51006502535_19.jpg,0
receipt/X51006619779_7.jpg,0
receipt/X51005663300_43.jpg,0
receipt/X51005715455_19.jpg,0
receipt/X51006857540_8.jpg,0
receipt/X51005715455_17.jpg,0
receipt/X51005301666_22.jpg,0
receipt/X51006414427_16.jpg,0
receipt/X51006619779_1.jpg,0
receipt/X51006857540_46.jpg,0
receipt/X51005746210_36.jpg,0
receipt/X51006414427_5.jpg,0
receipt/X51005746210_37.jpg,0
receipt/X51005677327_3.jpg,0
receipt/X51005677327_21.jpg,0
receipt/X51006334770_38.jpg,0
receipt/X51006857540_37.jpg,0
receipt/X51005715455_29.jpg,0
receipt/X51005663300_41.jpg,0
receipt/X51007846266_13.jpg,0
receipt/X51005746210_40.jpg,0
receipt/X51006619779_27.jpg,0
receipt/X51005301666_34.jpg,0
receipt/X51005663300_25.jpg,0
receipt/X51007846266_15.jpg,0
receipt/X51006619779_10.jpg,0
receipt/X51005715455_0.jpg,0
receipt/X51006334770_5.jpg,0
receipt/X51005715455_41.jpg,0
receipt/X51005663300_24.jpg,0
receipt/X51005677337_29.jpg,0
receipt/X51007231346_36.jpg,0
receipt/X51007231343_16.jpg,0
receipt/X51007339638_10.jpg,0
receipt/X51006414427_25.jpg,0
receipt/X51005301666_36.jpg,0
receipt/X51006414427_7.jpg,0
receipt/X51005568889_16.jpg,0
receipt/X51007846266_14.jpg,0
receipt/X51006619779_17.jpg,0
receipt/X51005677327_45.jpg,0
receipt/X51005715455_42.jpg,0
receipt/X51006857540_40.jpg,0
receipt/X51006619779_22.jpg,0
receipt/X51007231343_27.jpg,0
receipt/X51006334770_11.jpg,0
receipt/X51005746210_27.jpg,0
receipt/X51006857540_38.jpg,0
receipt/X51005677327_37.jpg,0
receipt/X51006857540_39.jpg,0
receipt/X51005663300_22.jpg,0
receipt/X51007846266_17.jpg,0
receipt/X51005715455_18.jpg,0
receipt/X51005715455_21.jpg,0
receipt/X51006502535_24.jpg,0
receipt/X51005605287_37.jpg,0
receipt/X51006334770_33.jpg,0
receipt/X51005663300_37.jpg,0
receipt/X51005605287_30.jpg,0
receipt/X51005746210_35.jpg,0
receipt/X51005677327_2.jpg,0
receipt/X51005301666_5.jpg,0
receipt/X51005663300_33.jpg,0
receipt/X51006619779_5.jpg,0
receipt/X51005568889_36.jpg,0
receipt/X51007339638_1.jpg,0
receipt/X51005715455_6.jpg,0
receipt/X51005301666_20.jpg,0
receipt/X51007231346_13.jpg,0
receipt/X51006334770_27.jpg,0
receipt/X51006619779_13.jpg,0
receipt/X51005568889_37.jpg,0
receipt/X51005301666_10.jpg,0
receipt/X51005715455_35.jpg,0
receipt/X51005663300_8.jpg,0
receipt/X51005568889_45.jpg,0
receipt/X51005746210_2.jpg,0
receipt/X51006414427_22.jpg,0
receipt/X51006619779_31.jpg,0
receipt/X51006857540_13.jpg,0
receipt/X51007231346_37.jpg,0
receipt/X51005746210_26.jpg,0
receipt/X51007231343_14.jpg,0
receipt/X51006334770_13.jpg,0
receipt/X51005746210_41.jpg,0
receipt/X51005301666_19.jpg,0
receipt/X51005677327_14.jpg,0
receipt/X51006619779_30.jpg,0
receipt/X51005301666_21.jpg,0
receipt/X51005677337_42.jpg,0
receipt/X51005605287_23.jpg,0
receipt/X51006619779_19.jpg,0
receipt/X51005605287_36.jpg,0
receipt/X51007231343_2.jpg,0
receipt/X51006857540_30.jpg,0
receipt/X51005605287_3.jpg,0
receipt/X51005568889_28.jpg,0
receipt/X51007339638_18.jpg,0
receipt/X51005568889_24.jpg,0
receipt/X51007231343_3.jpg,0
receipt/X51007846403_31.jpg,0
receipt/X51005568889_11.jpg,0
receipt/X51005663300_28.jpg,0
receipt/X51006857540_35.jpg,0
receipt/X51006334770_25.jpg,0
receipt/X51006334770_39.jpg,0
receipt/X51005715455_38.jpg,0
receipt/X51006334770_40.jpg,0
receipt/X51007339638_43.jpg,0
receipt/X51006619779_15.jpg,0
receipt/X51007231343_34.jpg,0
receipt/X51006334770_8.jpg,0
receipt/X51005746210_11.jpg,0
receipt/X51005605287_45.jpg,0
receipt/X51006619779_42.jpg,0
receipt/X51005746210_9.jpg,0
receipt/X51007231346_6.jpg,0
receipt/X51007339638_15.jpg,0
receipt/X51005677327_7.jpg,0
receipt/X51005605287_20.jpg,0
receipt/X51006502535_14.jpg,0
receipt/X51007846266_31.jpg,0
receipt/X51005568889_1.jpg,0
receipt/X51005677337_26.jpg,0
receipt/X51007846403_28.jpg,0
receipt/X51005301666_25.jpg,0
receipt/X51006414427_24.jpg,0
receipt/X51007846266_2.jpg,0
receipt/X51005677327_39.jpg,0
receipt/X51006857540_18.jpg,0
receipt/X51005605287_18.jpg,0
receipt/X51007339638_2.jpg,0
receipt/X51005301666_4.jpg,0
receipt/X51007231343_19.jpg,0
receipt/X51006502535_20.jpg,0
receipt/X51005568889_38.jpg,0
receipt/X51006414427_1.jpg,0
receipt/X51007846266_23.jpg,0
receipt/X51005677327_13.jpg,0
receipt/X51007846266_21.jpg,0
receipt/X51007846403_14.jpg,0
receipt/X51006502535_46.jpg,0
receipt/X51007846403_0.jpg,0
receipt/X51005568889_20.jpg,0
receipt/X51007846266_37.jpg,0
receipt/X51006619779_14.jpg,0
receipt/X51007846266_4.jpg,0
receipt/X51007846266_33.jpg,0
receipt/X51006502535_15.jpg,0
receipt/X51005677337_34.jpg,0
receipt/X51005301666_31.jpg,0
receipt/X51007846403_20.jpg,0
receipt/X51007231346_11.jpg,0
receipt/X51007339638_7.jpg,0
receipt/X51007231343_7.jpg,0
receipt/X51006619779_16.jpg,0
receipt/X51006414427_20.jpg,0
receipt/X51005605287_6.jpg,0
receipt/X51005663300_2.jpg,0
receipt/X51007231346_26.jpg,0
receipt/X51005605287_28.jpg,0
receipt/X51007231346_45.jpg,0
receipt/X51005715455_52.jpg,0
receipt/X51005301666_13.jpg,0
receipt/X51007846403_19.jpg,0
receipt/X51005746210_24.jpg,0
receipt/X51005677337_5.jpg,0
receipt/X51006619779_29.jpg,0
receipt/X51005746210_16.jpg,0
receipt/X51007231343_18.jpg,0
receipt/X51005677337_23.jpg,0
receipt/X51007231346_12.jpg,0
receipt/X51005677327_17.jpg,0
receipt/X51005677337_27.jpg,0
receipt/X51007231346_25.jpg,0
receipt/X51005605287_11.jpg,0
receipt/X51005677337_30.jpg,0
receipt/X51005746210_0.jpg,0
receipt/X51007339638_3.jpg,0
receipt/X51007846266_40.jpg,0
receipt/X51005677327_22.jpg,0
receipt/X51006857540_28.jpg,0
receipt/X51005677337_38.jpg,0
receipt/X51006502535_9.jpg,0
receipt/X51006334770_23.jpg,0
receipt/X51005715455_15.jpg,0
receipt/X51006502535_13.jpg,0
receipt/X51005663300_39.jpg,0
receipt/X51005746210_23.jpg,0
receipt/X51005663300_45.jpg,0
receipt/X51006619779_44.jpg,0
receipt/X51005301666_35.jpg,0
receipt/X51007846266_25.jpg,0
receipt/X51007231343_32.jpg,0
receipt/X51006334770_10.jpg,0
receipt/X51007231346_14.jpg,0
receipt/X51007846266_22.jpg,0
receipt/X51006619779_8.jpg,0
receipt/X51007846266_24.jpg,0
receipt/X51006414427_13.jpg,0
receipt/X51006334770_31.jpg,0
receipt/X51006619779_21.jpg,0
receipt/X51005663300_44.jpg,0
receipt/X51006502535_37.jpg,0
receipt/X51005677327_1.jpg,0
receipt/X51005677337_13.jpg,0
receipt/X51006334770_0.jpg,0
receipt/X51006857540_48.jpg,0
receipt/X51006414427_33.jpg,0
receipt/X51005568889_30.jpg,0
receipt/X51005746210_13.jpg,0
receipt/X51005568889_32.jpg,0
receipt/X51005605287_25.jpg,0
receipt/X51007846403_8.jpg,0
receipt/X51007231343_4.jpg,0
receipt/X51007231343_6.jpg,0
receipt/X51007846403_33.jpg,0
receipt/X51005677327_43.jpg,0
receipt/X51006619779_32.jpg,0
receipt/X51005677327_44.jpg,0
receipt/X51005746210_32.jpg,0
receipt/X51007846266_12.jpg,0
receipt/X51006857540_9.jpg,0
receipt/X51005677327_18.jpg,0
receipt/X51006857540_42.jpg,0
receipt/X51005746210_34.jpg,0
receipt/X51007231346_31.jpg,0
receipt/X51005677337_0.jpg,0
receipt/X51005301666_18.jpg,0
receipt/X51007231346_4.jpg,0
receipt/X51007231343_41.jpg,0
receipt/X51005663300_13.jpg,0
receipt/X51005715455_50.jpg,0
receipt/X51005605287_31.jpg,0
receipt/X51006414427_2.jpg,0
receipt/X51006414427_15.jpg,0
receipt/X51007231346_30.jpg,0
receipt/X51006857540_4.jpg,0
receipt/X51005663300_29.jpg,0
receipt/X51007231343_35.jpg,0
receipt/X51005663300_21.jpg,0
receipt/X51007231343_21.jpg,0
receipt/X51005677327_35.jpg,0
receipt/X51006414427_44.jpg,0
receipt/X51007339638_9.jpg,0
receipt/X51006502535_16.jpg,0
receipt/X51006502535_42.jpg,0
receipt/X51006857540_29.jpg,0
receipt/X51005663300_0.jpg,0
receipt/X51006857540_27.jpg,0
receipt/X51007231346_10.jpg,0
receipt/X51006414427_8.jpg,0
receipt/X51006857540_14.jpg,0
receipt/X51006502535_36.jpg,0
receipt/X51005301666_15.jpg,0
receipt/X51005677327_10.jpg,0
receipt/X51007231343_1.jpg,0
receipt/X51005301666_23.jpg,0
receipt/X51007339638_26.jpg,0
receipt/X51005715455_24.jpg,0
receipt/X51007231346_42.jpg,0
receipt/X51007846403_6.jpg,0
receipt/X51005715455_37.jpg,0
receipt/X51006857540_15.jpg,0
receipt/X51006414427_29.jpg,0
receipt/X51005663300_6.jpg,0
receipt/X51005605287_46.jpg,0
receipt/X51005663300_42.jpg,0
receipt/X51005677327_38.jpg,0
receipt/X51006334770_15.jpg,0
receipt/X51005677337_24.jpg,0
receipt/X51006414427_4.jpg,0
receipt/X51005663300_19.jpg,0
receipt/X51005746210_22.jpg,0
receipt/X51005568889_39.jpg,0
receipt/X51005715455_39.jpg,0
receipt/X51005746210_38.jpg,0
receipt/X51005568889_34.jpg,0
receipt/X51005568889_41.jpg,0
receipt/X51006857540_24.jpg,0
receipt/X51007231343_11.jpg,0
receipt/X51005568889_8.jpg,0
receipt/X51007231346_47.jpg,0
receipt/X51007339638_5.jpg,0
receipt/X51006502535_1.jpg,0
receipt/X51006619779_4.jpg,0
receipt/X51007846266_3.jpg,0
receipt/X51005301666_30.jpg,0
receipt/X51005677327_16.jpg,0
receipt/X51005301666_8.jpg,0
receipt/X51007339638_41.jpg,0
receipt/X51005677327_46.jpg,0
receipt/X51007339638_4.jpg,0
receipt/X51005663300_16.jpg,0
receipt/X51006414427_35.jpg,0
receipt/X51007339638_30.jpg,0
receipt/X51005677327_32.jpg,0
receipt/X51007231343_8.jpg,0
receipt/X51006414427_14.jpg,0
receipt/X51007231346_19.jpg,0
receipt/X51006414427_45.jpg,0
receipt/X51005605287_14.jpg,0
receipt/X51006414427_10.jpg,0
receipt/X51005605287_17.jpg,0
receipt/X51005568889_5.jpg,0
receipt/X51005677337_37.jpg,0
receipt/X51006619779_35.jpg,0
receipt/X51005715455_44.jpg,0
receipt/X51006414427_40.jpg,0
receipt/X51005746210_6.jpg,0
receipt/X51005746210_31.jpg,0
receipt/X51005605287_44.jpg,0
receipt/X51005568889_42.jpg,0
receipt/X51007339638_24.jpg,0
receipt/X51005605287_0.jpg,0
receipt/X51006502535_5.jpg,0
receipt/X51007339638_42.jpg,0
receipt/X51007846403_11.jpg,0
receipt/X51005715455_26.jpg,0
receipt/X51005677337_41.jpg,0
receipt/X51007231343_0.jpg,0
receipt/X51005715455_25.jpg,0
receipt/X51005605287_16.jpg,0
receipt/X51005605287_21.jpg,0
receipt/X51007846403_17.jpg,0
receipt/X51005677327_8.jpg,0
receipt/X51005663300_31.jpg,0
receipt/X51005301666_26.jpg,0
receipt/X51006414427_34.jpg,0
receipt/X51005605287_32.jpg,0
receipt/X51005746210_12.jpg,0
receipt/X51005677337_10.jpg,0
receipt/X51005677337_20.jpg,0
receipt/X51005677337_46.jpg,0
receipt/X51005677337_25.jpg,0
receipt/X51005677337_39.jpg,0
receipt/X51005746210_33.jpg,0
receipt/X51007231346_33.jpg,0
receipt/X51005568889_22.jpg,0
receipt/X51005568889_43.jpg,0
receipt/X51006414427_11.jpg,0
receipt/X51007231346_41.jpg,0
receipt/X51005746210_1.jpg,0
receipt/X51005301666_29.jpg,0
receipt/X51006857540_21.jpg,0
receipt/X51007231343_39.jpg,0
receipt/X51005301666_27.jpg,0
receipt/X51007231343_28.jpg,0
receipt/X51005605287_24.jpg,0
receipt/X51005715455_28.jpg,0
receipt/X51007339638_33.jpg,0
receipt/X51005663300_40.jpg,0
receipt/X51006502535_43.jpg,0
receipt/X51007339638_14.jpg,0
receipt/X51005715455_43.jpg,0
receipt/X51007231346_46.jpg,0
receipt/X51006857540_31.jpg,0
receipt/X51006502535_44.jpg,0
receipt/X51005301666_33.jpg,0
receipt/X51007846403_21.jpg,0
receipt/X51007231346_1.jpg,0
receipt/X51006502535_2.jpg,0
receipt/X51005301666_32.jpg,0
receipt/X51007231343_25.jpg,0
invoice/2073883232_2.tif,1
invoice/526450272+-0272_1.tif,1
invoice/505838425_1.tif,1
invoice/2026454812_4.tif,1
invoice/89000136_7.tif,1
invoice/01145155_1.tif,1
invoice/99380876_3.tif,1
invoice/2029370338_6.tif,1
invoice/91710380_1.tif,1
invoice/01145155_5.tif,1
invoice/0060051297_4.tif,1
invoice/2073883232_4.tif,1
invoice/505838425_6.tif,1
invoice/2072822980_2987_5.tif,1
invoice/93413394_0.tif,1
invoice/ti31379006_6.tif,1
invoice/93413394_4.tif,1
invoice/10398326_10398327_3.tif,1
invoice/2043128358_4.tif,1
invoice/0060211529_0.tif,1
invoice/80702873_3.tif,1
invoice/0001453118_4.tif,1
invoice/10398326_10398327_2.tif,1
invoice/2072822980_2987_6.tif,1
invoice/91546250_6251_4.tif,1
invoice/523006546+-6546_4.tif,1
invoice/0013043247_2.tif,1
invoice/2074103900_2.tif,1
invoice/81440505_2.tif,1
invoice/2073883445_1.tif,1
invoice/0060091484_0.tif,1
invoice/2061832123_9.tif,1
invoice/2001205647_0.tif,1
invoice/515616308+-6309_1.tif,1
invoice/2073883151_1.tif,1
invoice/93413394_6.tif,1
invoice/81440505_6.tif,1
invoice/0013043247_1.tif,1
invoice/10382523_0.tif,1
invoice/2028725626_3.tif,1
invoice/0001139801_3.tif,1
invoice/93803624_5.tif,1
invoice/2045948304_3.tif,1
invoice/91660376_6.tif,1
invoice/50063631_2.tif,1
invoice/ti31379006_0.tif,1
invoice/2073883445_6.tif,1
invoice/ti16801238_3.tif,1
invoice/2028700621_2.tif,1
invoice/2015003759_0.tif,1
invoice/526450272+-0272_2.tif,1
invoice/80702127_4.tif,1
invoice/2028706822_1.tif,1
invoice/2045948304_0.tif,1
invoice/0060031731_1.tif,1
invoice/ti16310825_6.tif,1
invoice/ti16310919_0.tif,1
invoice/2020157148_2020157149_3.tif,1
invoice/2084061139_1.tif,1
invoice/93413394_8.tif,1
invoice/81440505_1.tif,1
invoice/ti31379006_7.tif,1
invoice/89000136_1.tif,1
invoice/80704552_4.tif,1
invoice/ti16310654_9.tif,1
invoice/2072822980_2987_2.tif,1
invoice/81440505_4.tif,1
invoice/2028725626_0.tif,1
invoice/89001483_2.tif,1
invoice/2049433549_1.tif,1
invoice/2029372037_3.tif,1
invoice/91580912_10.tif,1
invoice/2020157148_2020157149_1.tif,1
invoice/0060051297_0.tif,1
invoice/91710380_0.tif,1
invoice/80702231a_9.tif,1
invoice/80702231a_8.tif,1
invoice/80704552_5.tif,1
invoice/2029370125_6.tif,1
invoice/ti31379006_8.tif,1
invoice/2028698683_2028698686_4.tif,1
invoice/2029370338_2.tif,1
invoice/80704114_1.tif,1
invoice/2028715586_3.tif,1
invoice/2001205647_4.tif,1
invoice/2028717058_2028717059_6.tif,1
invoice/2028715586_5.tif,1
invoice/0060031731_5.tif,1
invoice/2028706822_0.tif,1
invoice/0013122099_0.tif,1
invoice/2049433549_6.tif,1
invoice/2028708216_4.tif,1
invoice/506150072+-0073_3.tif,1
invoice/91580912_0.tif,1
invoice/80211415_3.tif,1
invoice/2074103875_1.tif,1
invoice/2073883151_3.tif,1
invoice/2001205647_5.tif,1
invoice/2085537579_5.tif,1
invoice/2043833155_1.tif,1
invoice/82898499_4.tif,1
invoice/91812715_3.tif,1
invoice/0001453118_6.tif,1
invoice/91546250_6251_0.tif,1
invoice/ti16310654_2.tif,1
invoice/80702231a_5.tif,1
invoice/91546250_6251_6.tif,1
invoice/87064805_5.tif,1
invoice/03724720_2.tif,1
invoice/50063631_6.tif,1
invoice/2044694597_1.tif,1
invoice/0060031731_3.tif,1
invoice/96147597_0.tif,1
invoice/2041159599_2.tif,1
invoice/03724720_5.tif,1
invoice/91543741_0.tif,1
invoice/CTRCONTRACTS017928-7_0.tif,1
invoice/1001608582_1001608584_0.tif,1
invoice/03724720_9.tif,1
invoice/0001135043_0.tif,1
invoice/0060051297_1.tif,1
invoice/0011839476_6.tif,1
invoice/2028716667_3.tif,1
invoice/0001136764_3.tif,1
invoice/0060051297_3.tif,1
invoice/93803624_0.tif,1
invoice/518476441+-6444_1.tif,1
invoice/0060051297_5.tif,1
invoice/523006546+-6546_1.tif,1
invoice/2028719674_2028719675_0.tif,1
invoice/2073883445_3.tif,1
invoice/2029372037_0.tif,1
invoice/80704114_11.tif,1
invoice/ti16801238_0.tif,1
invoice/0013122099_1.tif,1
invoice/511209880_511209891_3.tif,1
invoice/2028717058_2028717059_0.tif,1
invoice/2063650170_4.tif,1
invoice/2028721847_0.tif,1
invoice/91514623_1.tif,1
invoice/93413394_5.tif,1
invoice/2063650170_1.tif,1
invoice/87147892_4.tif,1
invoice/0001144242_3.tif,1
invoice/0060031707_2.tif,1
invoice/0060031731_0.tif,1
invoice/2029370125_4.tif,1
invoice/80704114_6.tif,1
invoice/2049433549_2.tif,1
invoice/2043128358_3.tif,1
invoice/511209880_511209891_2.tif,1
invoice/tob02922.74_1.tif,1
invoice/89000136_3.tif,1
invoice/87147892_3.tif,1
invoice/2028691818_2028691819_2.tif,1
invoice/2073883445_5.tif,1
invoice/93803624_1.tif,1
invoice/03724720_4.tif,1
invoice/2061832123_1.tif,1
invoice/03755841_2.tif,1
invoice/ti16400517_6.tif,1
invoice/2061832123_8.tif,1
invoice/82898499_2.tif,1
invoice/515616308+-6309_0.tif,1
invoice/2085537579_1.tif,1
invoice/2044694597_4.tif,1
invoice/0000542613_8.tif,1
invoice/2029372040_1.tif,1
invoice/0060091484_2.tif,1
invoice/526450272+-0272_4.tif,1
invoice/2072822980_2987_4.tif,1
invoice/2028701183_3.tif,1
invoice/03652096_4.tif,1
invoice/80211415_7.tif,1
invoice/2026504615_7.tif,1
invoice/91660376_5.tif,1
invoice/80702127_0.tif,1
invoice/ti16310654_4.tif,1
invoice/10382523_3.tif,1
invoice/0060031707_3.tif,1
invoice/CTRCONTRACTS017928-7_1.tif,1
invoice/03755841_3.tif,1
invoice/0060211529_1.tif,1
invoice/526450272+-0272_6.tif,1
invoice/2084022321_5.tif,1
invoice/2045948304_7.tif,1
invoice/2044694597_7.tif,1
invoice/80704552_10.tif,1
invoice/81440505_3.tif,1
invoice/ti16310654_5.tif,1
invoice/91514623_0.tif,1
invoice/80702873_4.tif,1
invoice/2072822980_2987_1.tif,1
invoice/524495973+-5973_1.tif,1
invoice/2049433549_0.tif,1
invoice/2028719674_2028719675_1.tif,1
invoice/518476441+-6444_0.tif,1
invoice/0001453118_5.tif,1
invoice/2028698683_2028698686_3.tif,1
invoice/526450272+-0272_0.tif,1
invoice/2024525773_5.tif,1
invoice/505080898+-0900_3.tif,1
invoice/580108978+-8979_1.tif,1
invoice/518476441+-6444_9.tif,1
invoice/0060091484_5.tif,1
invoice/91581753_1.tif,1
invoice/87064805_7.tif,1
invoice/ti16310919_6.tif,1
invoice/2020157148_2020157149_6.tif,1
invoice/2084061158_1.tif,1
invoice/2028706822_3.tif,1
invoice/506150072+-0073_2.tif,1
invoice/2028717058_2028717059_7.tif,1
invoice/2028725626_1.tif,1
invoice/87147892_0.tif,1
invoice/2084061158_3.tif,1
invoice/91514623_2.tif,1
invoice/80702231a_7.tif,1
invoice/80211415_0.tif,1
invoice/2071382966_2.tif,1
invoice/2028721847_5.tif,1
invoice/87064805_0.tif,1
invoice/91514623_4.tif,1
invoice/03660892_0.tif,1
invoice/0011839476_1.tif,1
invoice/80702127_8.tif,1
invoice/2084061139_0.tif,1
invoice/511209880_511209891_0.tif,1
invoice/2061832123_11.tif,1
invoice/2029370338_5.tif,1
invoice/2071382966_5.tif,1
invoice/tob02922.74_4.tif,1
invoice/0011839476_5.tif,1
invoice/2085531171_0.tif,1
invoice/2043833155_3.tif,1
invoice/87147892_1.tif,1
invoice/93803624_4.tif,1
invoice/0060060478_3.tif,1
invoice/91660376_2.tif,1
invoice/2029370125_1.tif,1
invoice/2043833155_4.tif,1
invoice/CTRCONTRACTS019415-9_2.tif,1
invoice/2026504615_8.tif,1
invoice/ti16310919_7.tif,1
invoice/0013043247_0.tif,1
invoice/01145155_3.tif,1
invoice/2028708216_0.tif,1
invoice/2028691818_2028691819_1.tif,1
invoice/2044696213_9.tif,1
invoice/91710380_5.tif,1
invoice/2028698683_2028698686_0.tif,1
invoice/80211415_2.tif,1
invoice/80702873_1.tif,1
invoice/91580912_3.tif,1
invoice/2020157148_2020157149_4.tif,1
invoice/80704114_8.tif,1
invoice/518476441+-6444_4.tif,1
invoice/10398326_10398327_5.tif,1
invoice/91710380_4.tif,1
invoice/93413394_1.tif,1
invoice/91814895_0.tif,1
invoice/0001144242_5.tif,1
invoice/2074103875_4.tif,1
invoice/88132007_4.tif,1
invoice/2026454812_6.tif,1
invoice/91660376_4.tif,1
invoice/2028717058_2028717059_1.tif,1
invoice/91543741_5.tif,1
invoice/91660376_1.tif,1
invoice/0001139801_2.tif,1
invoice/580108978+-8979_2.tif,1
invoice/2063115129_1.tif,1
invoice/0011839476_0.tif,1
invoice/80702127_7.tif,1
invoice/91814895_3.tif,1
invoice/2043833155_0.tif,1
invoice/2084022732_0.tif,1
invoice/2043128358_0.tif,1
invoice/80704552_2.tif,1
invoice/515616308+-6309_4.tif,1
invoice/2073883232_0.tif,1
invoice/89001059_0.tif,1
invoice/2084061158_2.tif,1
invoice/2028716667_1.tif,1
invoice/80702231a_6.tif,1
invoice/87065058_1.tif,1
invoice/2070910602_2.tif,1
invoice/2073883445_2.tif,1
invoice/ti16310654_0.tif,1
invoice/2072822980_2987_0.tif,1
invoice/2001205647_9.tif,1
invoice/80211415_1.tif,1
invoice/2028701183_0.tif,1
invoice/91514623_3.tif,1
invoice/2065466505_1.tif,1
invoice/0001139801_1.tif,1
invoice/84174983_1.tif,1
invoice/80211415_6.tif,1
invoice/2028701183_1.tif,1
invoice/91812715_2.tif,1
invoice/11220356_1.tif,1
invoice/2084061139_2.tif,1
invoice/80704552_3.tif,1
invoice/85701967_85701968_0.tif,1
invoice/0060051297_2.tif,1
invoice/518476441+-6444_3.tif,1
invoice/ti16310919_5.tif,1
invoice/506143515_0.tif,1
invoice/01145155_6.tif,1
invoice/0001453118_0.tif,1
invoice/2049433549_5.tif,1
invoice/2045948304_6.tif,1
invoice/2063650170_5.tif,1
invoice/84174983_2.tif,1
invoice/87064805_4.tif,1
invoice/2071382966_3.tif,1
invoice/CTRCONTRACTS019415-9_4.tif,1
invoice/2029370125_5.tif,1
invoice/2028725626_4.tif,1
invoice/2029372037_5.tif,1
invoice/ti16310825_2.tif,1
invoice/0001144242_4.tif,1
invoice/91580912_1.tif,1
invoice/2074103875_2.tif,1
invoice/80704552_6.tif,1
invoice/2073883151_4.tif,1
invoice/2085531171_5.tif,1
invoice/2029372037_4.tif,1
invoice/0013043247_3.tif,1
invoice/91814895_5.tif,1
invoice/87065058_3.tif,1
invoice/0001136764_1.tif,1
invoice/80702231a_1.tif,1
invoice/87065058_2.tif,1
invoice/0001144242_1.tif,1
invoice/80702231a_0.tif,1
invoice/2085531171_3.tif,1
invoice/2028700621_4.tif,1
invoice/518476441+-6444_10.tif,1
invoice/526450272+-0272_5.tif,1
invoice/89001059_2.tif,1
invoice/91814895_6.tif,1
invoice/2028717058_2028717059_4.tif,1
invoice/2028725626_2.tif,1
invoice/99380876_1.tif,1
invoice/87147892_2.tif,1
invoice/87064805_3.tif,1
invoice/03755841_1.tif,1
invoice/03724720_7.tif,1
invoice/2063650170_0.tif,1
invoice/506150072+-0073_1.tif,1
invoice/2028715586_4.tif,1
invoice/88132007_3.tif,1
invoice/85701967_85701968_4.tif,1
invoice/0060060478_0.tif,1
invoice/2029370338_0.tif,1
invoice/1001608582_1001608584_5.tif,1
invoice/91660376_0.tif,1
invoice/96147597_1.tif,1
invoice/0001144242_0.tif,1
invoice/2041159599_5.tif,1
invoice/2044694597_0.tif,1
invoice/2063650170_3.tif,1
invoice/506143515_2.tif,1
invoice/2029372040_0.tif,1
invoice/2061832123_10.tif,1
invoice/505080898+-0900_6.tif,1
invoice/89000136_4.tif,1
invoice/91581753_3.tif,1
invoice/2070910602_4.tif,1
invoice/2028716667_0.tif,1
invoice/2044696213_4.tif,1
invoice/91580912_8.tif,1
invoice/93803624_7.tif,1
invoice/526450272+-0272_8.tif,1
invoice/10398326_10398327_4.tif,1
invoice/2028717058_2028717059_8.tif,1
invoice/2085531171_2.tif,1
invoice/505080898+-0900_7.tif,1
invoice/2084061139_4.tif,1
invoice/2029370125_0.tif,1
invoice/2028725626_5.tif,1
invoice/2044696213_10.tif,1
invoice/2061832123_7.tif,1
invoice/2028721847_3.tif,1
invoice/80702231a_3.tif,1
invoice/CTRCONTRACTS019415-9_3.tif,1
invoice/ti16310654_7.tif,1
invoice/2043128358_5.tif,1
invoice/2043833155_6.tif,1
invoice/518476441+-6444_8.tif,1
invoice/10382523_2.tif,1
invoice/2070910602_0.tif,1
invoice/2028708216_2.tif,1
invoice/0060031707_1.tif,1
invoice/2028698683_2028698686_5.tif,1
invoice/526450272+-0272_7.tif,1
invoice/580108978+-8979_0.tif,1
invoice/2015003759_1.tif,1
invoice/518476441+-6444_5.tif,1
invoice/2044696213_0.tif,1
invoice/03755841_0.tif,1
invoice/2073883151_5.tif,1
invoice/515616308+-6309_2.tif,1
invoice/93803624_6.tif,1
invoice/96421582_0.tif,1
invoice/91812715_1.tif,1
invoice/524495973+-5973_0.tif,1
invoice/2065466505_3.tif,1
invoice/91660376_7.tif,1
invoice/0013043247_5.tif,1
invoice/2044696213_7.tif,1
invoice/99380876_0.tif,1
invoice/CTRCONTRACTS019415-9_6.tif,1
invoice/2026504615_9.tif,1
invoice/91814895_7.tif,1
invoice/0060031707_0.tif,1
invoice/82898499_1.tif,1
invoice/505080898+-0900_2.tif,1
invoice/93413394_7.tif,1
invoice/ti16310825_8.tif,1
invoice/2029370338_1.tif,1
invoice/ti31379006_2.tif,1
invoice/505838425_2.tif,1
invoice/2029372040_2.tif,1
invoice/2045948304_4.tif,1
invoice/505080898+-0900_0.tif,1
invoice/505080898+-0900_5.tif,1
invoice/ti16400517_4.tif,1
invoice/50063631_3.tif,1
invoice/89000136_2.tif,1
invoice/ti16310825_5.tif,1
invoice/2028719674_2028719675_2.tif,1
invoice/0001136764_4.tif,1
invoice/99380876_2.tif,1
invoice/89001705_2.tif,1
invoice/ti31379006_4.tif,1
invoice/ti16310919_1.tif,1
invoice/2028721847_4.tif,1
invoice/2070910602_5.tif,1
invoice/2001205647_1.tif,1
invoice/89000136_0.tif,1
invoice/85701967_85701968_1.tif,1
invoice/84174983_3.tif,1
invoice/81440542_0.tif,1
invoice/ti16400517_3.tif,1
invoice/0001135043_2.tif,1
invoice/91580912_4.tif,1
invoice/2061832123_2.tif,1
invoice/2044696213_8.tif,1
invoice/2026454812_5.tif,1
invoice/ti16310919_2.tif,1
invoice/84174983_0.tif,1
invoice/2084022321_6.tif,1
invoice/2041159599_1.tif,1
invoice/2041159599_3.tif,1
invoice/2049433549_8.tif,1
invoice/0001144242_6.tif,1
invoice/0001139801_0.tif,1
invoice/2026454812_3.tif,1
invoice/10398326_10398327_0.tif,1
invoice/2071382966_1.tif,1
invoice/82898499_5.tif,1
invoice/2029372040_3.tif,1
invoice/2085531171_4.tif,1
invoice/2028708216_3.tif,1
invoice/0001453118_1.tif,1
invoice/2026454812_0.tif,1
invoice/2028721847_1.tif,1
invoice/80704552_8.tif,1
invoice/0060091484_3.tif,1
invoice/91580912_6.tif,1
invoice/03652096_2.tif,1
invoice/2049433549_3.tif,1
invoice/93413394_3.tif,1
invoice/50063631_5.tif,1
invoice/ti16310654_8.tif,1
invoice/0000542613_1.tif,1
invoice/2073883232_3.tif,1
invoice/0001139801_5.tif,1
invoice/2063115129_2.tif,1
invoice/91543741_1.tif,1
invoice/0060031731_4.tif,1
invoice/80702231a_2.tif,1
invoice/80702873_7.tif,1
invoice/87064805_6.tif,1
invoice/518476441+-6444_7.tif,1
invoice/89001059_3.tif,1
invoice/ti16801238_1.tif,1
invoice/2024525773_4.tif,1
invoice/2073883151_7.tif,1
invoice/2084022732_1.tif,1
invoice/505838425_5.tif,1
invoice/2049433549_4.tif,1
invoice/2029370338_3.tif,1
invoice/1001608582_1001608584_3.tif,1
invoice/ti16310825_7.tif,1
invoice/80702873_5.tif,1
invoice/0011839476_3.tif,1
invoice/2085537579_2.tif,1
invoice/91543741_4.tif,1
invoice/2041159599_0.tif,1
invoice/2028708216_1.tif,1
invoice/89001059_4.tif,1
invoice/91814895_1.tif,1
invoice/523006546+-6546_2.tif,1
invoice/2028706822_4.tif,1
invoice/80702127_6.tif,1
invoice/tob02922.74_0.tif,1
invoice/2065466505_0.tif,1
invoice/2045948304_2.tif,1
invoice/2041159599_4.tif,1
invoice/ti31379006_3.tif,1
invoice/2029370125_3.tif,1
invoice/2028706822_5.tif,1
invoice/ti16400517_5.tif,1
invoice/2024525773_2.tif,1
invoice/2028717058_2028717059_2.tif,1
invoice/2073883445_7.tif,1
invoice/2084061158_4.tif,1
invoice/2028717058_2028717059_5.tif,1
invoice/96421582_2.tif,1
invoice/ti16310654_1.tif,1
invoice/ti16310654_6.tif,1
invoice/03724720_6.tif,1
invoice/2085537579_4.tif,1
invoice/2073883151_8.tif,1
invoice/93803624_2.tif,1
invoice/2020157148_2020157149_0.tif,1
invoice/80211415_5.tif,1
invoice/2063610199_2.tif,1
invoice/80704114_0.tif,1
invoice/2029372037_2.tif,1
invoice/91580912_7.tif,1
invoice/2084022321_4.tif,1
invoice/tob02922.74_3.tif,1
invoice/81440505_7.tif,1
invoice/81440542_2.tif,1
invoice/80702873_6.tif,1
invoice/0013122099_4.tif,1
invoice/93413394_2.tif,1
invoice/ti16310919_3.tif,1
invoice/03652096_1.tif,1
invoice/2028721847_7.tif,1
invoice/2061832123_5.tif,1
invoice/2028717058_2028717059_3.tif,1
invoice/0001136764_2.tif,1
invoice/2084022321_3.tif,1
invoice/ti16310825_4.tif,1
invoice/2074103900_1.tif,1
invoice/0000542613_3.tif,1
invoice/80704114_2.tif,1
invoice/2085537579_0.tif,1
invoice/80233717_0.tif,1
invoice/80702231a_4.tif,1
invoice/2028698683_2028698686_1.tif,1
invoice/ti16400517_1.tif,1
invoice/01145155_0.tif,1
invoice/91546250_6251_2.tif,1
invoice/2028691818_2028691819_4.tif,1
invoice/2044694597_3.tif,1
invoice/03652096_3.tif,1
invoice/0011839476_2.tif,1
invoice/1001608582_1001608584_7.tif,1
invoice/91546250_6251_1.tif,1
invoice/80702127_2.tif,1
invoice/01145155_2.tif,1
invoice/2028715586_1.tif,1
invoice/2026504615_0.tif,1
invoice/2026504615_1.tif,1
invoice/518476441+-6444_6.tif,1
invoice/CTRCONTRACTS019415-9_5.tif,1
invoice/01145155_4.tif,1
invoice/2026454812_1.tif,1
invoice/2044694597_5.tif,1
invoice/0001139801_4.tif,1
invoice/2061832123_3.tif,1
invoice/2029372037_1.tif,1
invoice/91543741_3.tif,1
invoice/0000542613_0.tif,1
invoice/0001136764_0.tif,1
invoice/2063610199_1.tif,1
invoice/87064805_2.tif,1
invoice/91812715_0.tif,1
invoice/1001608582_1001608584_6.tif,1
invoice/0001136764_5.tif,1
invoice/87065058_0.tif,1
invoice/ti16400517_2.tif,1
invoice/515616308+-6309_3.tif,1
invoice/505080898+-0900_4.tif,1
invoice/80702127_1.tif,1
invoice/89000136_9.tif,1
invoice/511209880_511209891_1.tif,1
invoice/2029372037_6.tif,1
invoice/50063631_0.tif,1
invoice/85701967_85701968_2.tif,1
invoice/89001705_1.tif,1
invoice/0060211529_2.tif,1
invoice/505838425_3.tif,1
invoice/03724720_1.tif,1
invoice/91660376_3.tif,1
invoice/2028708216_5.tif,1
invoice/2029370125_7.tif,1
invoice/11220356_0.tif,1
invoice/2028700621_1.tif,1
invoice/81440505_0.tif,1
invoice/81440505_5.tif,1
invoice/2073883232_5.tif,1
invoice/1001608582_1001608584_1.tif,1
invoice/2074103900_0.tif,1
invoice/0001135043_1.tif,1
invoice/2043128358_2.tif,1
invoice/2073883232_1.tif,1
invoice/tob02922.74_2.tif,1
invoice/80702873_0.tif,1
invoice/80704114_4.tif,1
invoice/96421582_1.tif,1
invoice/2028708216_6.tif,1
invoice/2028701183_2.tif,1
invoice/2026504615_6.tif,1
invoice/80704552_7.tif,1
invoice/0000542613_2.tif,1
invoice/85701967_85701968_3.tif,1
invoice/80704552_0.tif,1
invoice/2070910602_3.tif,1
invoice/50063631_4.tif,1
invoice/2043128358_1.tif,1
invoice/2044696213_5.tif,1
invoice/2029370338_7.tif,1
invoice/2061832123_4.tif,1
invoice/2029370338_8.tif,1
invoice/0060091484_4.tif,1
invoice/2015003759_2.tif,1
invoice/2020157148_2020157149_5.tif,1
invoice/505838425_4.tif,1
invoice/80702231a_10.tif,1
invoice/2001205647_6.tif,1
invoice/2074103875_0.tif,1
invoice/2015003759_4.tif,1
invoice/91546250_6251_5.tif,1
invoice/2084022321_2.tif,1
invoice/0001139801_6.tif,1
invoice/80233717_1.tif,1
invoice/2024525773_0.tif,1
invoice/91580912_2.tif,1
invoice/2072822980_2987_7.tif,1
invoice/50063631_1.tif,1
invoice/2028715586_2.tif,1
invoice/2028700621_6.tif,1
invoice/91580912_9.tif,1
invoice/2028700621_0.tif,1
invoice/2074103875_3.tif,1
invoice/91546250_6251_3.tif,1
invoice/82898499_3.tif,1
invoice/2044694597_6.tif,1
invoice/87064805_1.tif,1
invoice/2084022321_0.tif,1
invoice/91581753_0.tif,1
invoice/580108978+-8979_3.tif,1
invoice/2026504615_3.tif,1
invoice/2065466505_2.tif,1
invoice/2044694597_2.tif,1
invoice/2073883151_0.tif,1
invoice/523006546+-6546_0.tif,1
invoice/2070910602_1.tif,1
invoice/505080898+-0900_1.tif,1
invoice/ti31379006_1.tif,1
invoice/ti16310825_1.tif,1
invoice/0001453118_7.tif,1
invoice/2028715586_0.tif,1
invoice/2001205647_3.tif,1
invoice/2084061158_0.tif,1
invoice/ti16310919_8.tif,1
invoice/0001453118_2.tif,1
invoice/0060060478_1.tif,1
invoice/91710380_3.tif,1
invoice/2049433549_7.tif,1
invoice/2061832123_0.tif,1
invoice/80702127_5.tif,1
invoice/91580912_5.tif,1
invoice/506143515_4.tif,1
invoice/ti31379006_5.tif,1
invoice/80704114_10.tif,1
invoice/518476441+-6444_2.tif,1
invoice/526450272+-0272_3.tif,1
invoice/0011839476_4.tif,1
invoice/85685245_0.tif,1
invoice/2028691818_2028691819_3.tif,1
invoice/03724720_8.tif,1
invoice/85685245_1.tif,1
invoice/CTRCONTRACTS019415-9_0.tif,1
invoice/89000136_6.tif,1
invoice/0013122099_3.tif,1
invoice/2028706822_2.tif,1
invoice/2026504615_2.tif,1
invoice/2028706822_6.tif,1
invoice/87064805_8.tif,1
invoice/88132007_2.tif,1
invoice/81440542_1.tif,1
invoice/2001205647_2.tif,1
invoice/2063610199_0.tif,1
invoice/2063650170_2.tif,1
invoice/2072822980_2987_3.tif,1
invoice/11220356_3.tif,1
invoice/89001059_1.tif,1
invoice/93803624_3.tif,1
invoice/2071382966_0.tif,1
invoice/11220356_4.tif,1
invoice/11220356_2.tif,1
invoice/ti16310654_3.tif,1
invoice/1001608582_1001608584_4.tif,1
invoice/ti16801238_2.tif,1
invoice/2028716667_2.tif,1
invoice/2044696213_2.tif,1
invoice/0001144242_2.tif,1
invoice/80704114_3.tif,1
invoice/88132007_0.tif,1
invoice/523006546+-6546_3.tif,1
invoice/2044696213_1.tif,1
invoice/80704114_7.tif,1
invoice/505838425_7.tif,1
invoice/2026504615_4.tif,1
invoice/03652096_0.tif,1
invoice/89001483_1.tif,1
invoice/91543741_2.tif,1
invoice/2028725626_6.tif,1
invoice/0000542613_7.tif,1
invoice/91814895_4.tif,1
invoice/2045948304_1.tif,1
invoice/2029370338_9.tif,1
invoice/88132007_1.tif,1
invoice/ti16310825_0.tif,1
invoice/2073883151_2.tif,1
invoice/2085537579_3.tif,1
invoice/CTRCONTRACTS019415-9_1.tif,1
invoice/506150072+-0073_0.tif,1
invoice/89001705_0.tif,1
invoice/506143515_3.tif,1
invoice/2015003759_3.tif,1
invoice/2043833155_2.tif,1
invoice/03660892_2.tif,1
invoice/82898499_0.tif,1
invoice/2028721847_6.tif,1
invoice/ti16310825_3.tif,1
invoice/80702873_2.tif,1
invoice/80704552_1.tif,1
invoice/0060031731_2.tif,1
invoice/505838425_0.tif,1
invoice/1001608582_1001608584_2.tif,1
invoice/80704552_11.tif,1
invoice/91581753_2.tif,1
invoice/03660892_1.tif,1
invoice/89000136_5.tif,1
invoice/2063115129_0.tif,1
invoice/2026504615_5.tif,1
invoice/2073883445_0.tif,1
invoice/0060060478_4.tif,1
invoice/2085531171_1.tif,1
invoice/0000542613_5.tif,1
invoice/10398326_10398327_1.tif,1
invoice/03724720_0.tif,1
invoice/2084022321_1.tif,1
invoice/0060091484_1.tif,1
invoice/2061832123_6.tif,1
invoice/0000542613_6.tif,1
invoice/2028719674_2028719675_4.tif,1
invoice/2029370125_2.tif,1
invoice/0013043247_4.tif,1
invoice/96147597_2.tif,1
invoice/2084061139_3.tif,1
invoice/85685245_2.tif,1
invoice/0001453118_3.tif,1
invoice/2020157148_2020157149_2.tif,1
invoice/0060060478_2.tif,1
invoice/2061832123_12.tif,1
invoice/2028698683_2028698686_2.tif,1
invoice/82898499_6.tif,1
invoice/80211415_4.tif,1
invoice/2044696213_3.tif,1
invoice/0013122099_2.tif,1
invoice/91814895_2.tif,1
invoice/2026454812_2.tif,1
invoice/2028691818_2028691819_0.tif,1
invoice/ti16310919_4.tif,1
invoice/2071382966_4.tif,1
invoice/2024525773_3.tif,1
invoice/ti16400517_0.tif,1
invoice/2028721847_2.tif,1
invoice/2028719674_2028719675_3.tif,1
invoice/03724720_3.tif,1
invoice/80233717_2.tif,1
invoice/2001205647_8.tif,1
invoice/80704552_9.tif,1
invoice/2028700621_3.tif,1
invoice/2024525773_1.tif,1
invoice/2073883151_6.tif,1
invoice/2001205647_7.tif,1
invoice/2043833155_5.tif,1
invoice/2045948304_5.tif,1
invoice/0000542613_4.tif,1
invoice/91710380_2.tif,1
invoice/2044696213_6.tif,1
invoice/10382523_1.tif,1
invoice/506143515_1.tif,1
invoice/80704114_5.tif,1
invoice/80702127_3.tif,1
invoice/81440542_3.tif,1
invoice/2073883445_4.tif,1
invoice/80704114_9.tif,1
invoice/2028700621_5.tif,1
invoice/89001483_0.tif,1
invoice/89000136_8.tif,1
invoice/2029370338_4.tif,1
other/2046659932_0.tif,2
other/2030053770_0.tif,2
other/2073449804_0.tif,2
other/2067604942_0.tif,2
other/2048282693_0.tif,2
other/2046966588_2046966589_0.tif,2
other/2031527002_2031527003_0.tif,2
other/2048793024_3030_0.tif,2
other/2083778900_0.tif,2
other/2040771629_2040771630_0.tif,2
other/2062046704_2062046838_0.tif,2
other/tnwl0043674_0.tif,2
other/2071378066_8067_0.tif,2
other/2050014382_0.tif,2
other/0000244527_0.tif,2
other/2057790607_0.tif,2
other/tob07715.27_tob07715.33_0.tif,2
other/2047319784_9785_0.tif,2
other/2082272225_0.tif,2
other/CTRCONTRACTS010176-0_0.tif,2
other/2072061141_0.tif,2
other/2071557998_0.tif,2
other/2065063846_3897_0.tif,2
other/tob11615.50_tob11615.56_0.tif,2
other/0000155698_0.tif,2
other/2057240530_0.tif,2
other/PUBLICATIONS028796-8_0.tif,2
other/2061902721_2061902722_0.tif,2
other/2040695837_0.tif,2
other/2082797709_0.tif,2
other/2044944323_2044944324_0.tif,2
other/ton01104.54_ton01104.56_0.tif,2
other/2069716544_0.tif,2
other/2054905393_2054905394_0.tif,2
other/2074121252_1253_0.tif,2
other/2051141083_0.tif,2
other/tob06120.88_0.tif,2
other/2501572575_2501572584_0.tif,2
other/0000483972_0.tif,2
other/2505322175_0.tif,2
other/tcal0349959_0.tif,2
other/2078873397_0.tif,2
other/tob07821.78_tob07821.80_0.tif,2
other/MASTER-SPP003819-383_0.tif,2
other/2501324860_0.tif,2
other/tob13316.11_tob13316.86_0.tif,2
other/2046976452_0.tif,2
other/2048521775_2048521776_0.tif,2
other/2085756739b_0.tif,2
other/2501118052_0.tif,2
other/2063175637_0.tif,2
other/2072014487_4488_0.tif,2
other/2060318058_0.tif,2
other/0000547586_0.tif,2
other/2046023307_0.tif,2
other/2060055215_0.tif,2
other/2030961083_2030961084_0.tif,2
other/2064977043_0.tif,2
other/tnwl0041230_0.tif,2
other/but00609.14_0.tif,2
other/ton01614.22_0.tif,2
other/2074109284_9288_0.tif,2
other/2046093964_0.tif,2
other/2083647319c_0.tif,2
other/2085235308_0.tif,2
other/2040964703_0.tif,2
other/2044138389_0.tif,2
other/2074590189_0210_0.tif,2
other/PUBLICATIONS040873-0_0.tif,2
other/2076851942_0.tif,2
other/2074132817_0.tif,2
other/2061683336_0.tif,2
other/2501131020_2501131038_0.tif,2
other/2057234399_0.tif,2
other/2085750753c_0754_0.tif,2
other/2044417458_0.tif,2
other/2500128037_2500128041_0.tif,2
other/2060911887_1890_0.tif,2
other/tob07127.48_tob07127.49_0.tif,2
other/2057668977_0.tif,2
other/2048548468_0.tif,2
other/2044368990_0.tif,2
other/2085579364_9366_0.tif,2
other/2044762074_0.tif,2
other/2505480514_0.tif,2
other/0000134293_0.tif,2
other/2085290799_0827_0.tif,2
other/2063723021_0.tif,2
other/ti06430623_0.tif,2
other/0000240042_0.tif,2
other/tob14102.17_0.tif,2
other/2070934858_0.tif,2
other/2076127768_0.tif,2
other/2043391003_2043391007_0.tif,2
other/2063304004_0.tif,2
other/2083494079_0.tif,2
other/2070227894_7901_0.tif,2
other/2072959302_0.tif,2
other/2060478640_8701_0.tif,2
other/2051111078_0.tif,2
other/2051516363_0.tif,2
other/2501298015_0.tif,2
other/2071056195_6197_0.tif,2
other/2071412477_0.tif,2
other/2057667909_0.tif,2
other/2080156428_0.tif,2
other/2083779166_0.tif,2
other/2072588011_8017_0.tif,2
other/2063520600_0.tif,2
other/2054538366_2054538367_0.tif,2
other/2062355661_5662_0.tif,2
other/2046118300_0.tif,2
other/2073413206_0.tif,2
other/2046982188_0.tif,2
other/2502168412_8417_0.tif,2
other/2072336325_0.tif,2
other/2080262513_2527_0.tif,2
other/2073821201_1203_0.tif,2
other/2063628210_8231_0.tif,2
other/2081616309_0.tif,2
other/2057416885_0.tif,2
other/2031313309_0.tif,2
other/tnwl0002394_0.tif,2
other/2078000488_0.tif,2
other/2072773394_0.tif,2
other/2084578704_0.tif,2
other/2063244015_0.tif,2
other/2031311470_0.tif,2
other/0000349202_0.tif,2
other/ti17150085_0.tif,2
other/2047164228_0.tif,2
other/ti00791976_1978_0.tif,2
other/2070691361_0.tif,2
other/2042529892_0.tif,2
other/2046097246_7250_0.tif,2
other/tob10506.85_0.tif,2
other/2505467827_7834_0.tif,2
other/2040552303_0.tif,2
other/2069724224_0.tif,2
other/2046969719_0.tif,2
other/2085796247b_0.tif,2
other/2078876926_0.tif,2
other/2500017401_2500017531_0.tif,2
other/2040078684_0.tif,2
other/2501500371_2501500380_0.tif,2
other/2062977289_7290_0.tif,2
other/2071379767_0.tif,2
other/2078640138_0.tif,2
other/2077359414_9422_0.tif,2
other/2065133143_3146_0.tif,2
other/2050834934_0.tif,2
other/2045467596_0.tif,2
other/2053578972_0.tif,2
other/2071536524_0.tif,2
other/2047407463_0.tif,2
other/2051536659_2051536660_0.tif,2
other/2063308473_0.tif,2
other/2062199378_9380_0.tif,2
other/2057449120_2057449125_0.tif,2
other/2078616574_0.tif,2
other/2080985266_0.tif,2
other/2041551019_0.tif,2
other/2045468152_0.tif,2
other/2083785123_5124_0.tif,2
other/2076613062_3065_0.tif,2
other/2080650343_0.tif,2
other/2085633204_0.tif,2
other/ti16830385_0386_0.tif,2
other/tnwl0000818_0824_0.tif,2
other/2040798962_0.tif,2
other/tnwl0000322_0.tif,2
other/2069714194_0.tif,2
other/2070219387_0.tif,2
other/2071940826_0.tif,2
other/2040168592_2040168595_0.tif,2
other/2071464554_4556_0.tif,2
other/2078566511_0.tif,2
other/2070898319_0.tif,2
other/2084396936_0.tif,2
other/0000435773_0.tif,2
other/2073527878_7891_0.tif,2
other/2030471170_0.tif,2
other/2505358822_8866_0.tif,2
other/2076908285_0.tif,2
other/2047907178_0.tif,2
other/2073251935_1947_0.tif,2
other/2070713668_0.tif,2
other/2062280039_0.tif,2
other/2505425120_0.tif,2
other/0000155173_0.tif,2
other/2057450132_2057450133_0.tif,2
other/2029223140_0.tif,2
other/2045691903_0.tif,2
other/ti16571589_0.tif,2
other/2078609701_9704_0.tif,2
other/2076197872_7873_0.tif,2
other/2031295414_0.tif,2
other/2064977881_7882_0.tif,2
other/tob13712.88_tob13713.07_0.tif,2
other/2085035910_0.tif,2
other/2085542449a_0.tif,2
other/2082375137_0.tif,2
other/2078345190_0.tif,2
other/2041391058_0.tif,2
other/2040649186_0.tif,2
other/2063277611_0.tif,2
other/2057997623_0.tif,2
other/0000341169_0.tif,2
other/2085775744_0.tif,2
other/0000219202_0.tif,2
other/2063434687_4695_0.tif,2
other/2069717557_0.tif,2
other/2073194366_0.tif,2
other/tob11705.58_0.tif,2
other/2078304675_0.tif,2
other/2078265194_5231_0.tif,2
other/2031312760_0.tif,2
other/2054767261_0.tif,2
other/tob18806.59_0.tif,2
other/2084425796_5797_0.tif,2
other/2048728315_0.tif,2
other/2063906264_6265_0.tif,2
other/2080736962_6964_0.tif,2
other/2050910534_0543_0.tif,2
other/2078325206_0.tif,2
other/2069719443_0.tif,2
other/2078191244_0.tif,2
other/2076807063_0.tif,2
other/2085790841_0.tif,2
other/2057676035_0.tif,2
other/2501476785_0.tif,2
other/2084030278c_0.tif,2
other/tnwl0038839_0.tif,2
other/2044757308_0.tif,2
other/2040159169_0.tif,2
other/2056599145_0.tif,2
other/2050901617_0.tif,2
other/2060533073_0.tif,2
other/tob10915.10_tob10915.11_0.tif,2
other/2043635340_0.tif,2
other/2050208263_0.tif,2
other/2069732572_0.tif,2
other/2082146576_6579_0.tif,2
other/2070500979_0980_0.tif,2
other/2085787292a_0.tif,2
other/0000129308_0.tif,2
other/2040787927_0.tif,2
other/0000035417_0.tif,2
other/2073826686a_0.tif,2
other/2063753039_0.tif,2
other/2072651677_1719_0.tif,2
other/2078700576b_0.tif,2
other/2503021395_0.tif,2
other/2085110033a_0.tif,2
other/2029207464_0.tif,2
other/2041874500_0.tif,2
other/2048758499_0.tif,2
other/2071168054_0.tif,2
other/2073543336_0.tif,2
other/2083648351a_0.tif,2
other/2057483366_2057483369_0.tif,2
other/2050627803_2050627804_0.tif,2
other/2084054749b_4750_0.tif,2
other/2501333254_0.tif,2
other/2085697543c_0.tif,2
other/2073942427_2431_0.tif,2
other/2040494299_2040494300_0.tif,2
other/2067238985_2067238987_0.tif,2
other/0000080442_0.tif,2
other/2082076310a_0.tif,2
other/2082796451_6475_0.tif,2
other/2041721221_0.tif,2
other/2040765966_0.tif,2
other/2505349764_0.tif,2
other/2040786571_0.tif,2
other/0000412732_0.tif,2
other/2061000091_0.tif,2
other/tob11433.39_0.tif,2
other/2046058909_0.tif,2
other/2030585392_0.tif,2
other/2057456216_2057456219_0.tif,2
other/2074414815_4819_0.tif,2
other/2064841910_1915_0.tif,2
other/2073415660_0.tif,2
other/2031317958_0.tif,2
other/2049418746_0.tif,2
other/2501820228_0.tif,2
other/2054936967_0.tif,2
other/2048350338_0339_0.tif,2
other/2085782679d_0.tif,2
other/2501217620_2501217649_0.tif,2
other/2061805450_0.tif,2
other/2083136088_0.tif,2
other/tob11432.93_0.tif,2
other/2063850599_0.tif,2
other/2065453155_0.tif,2
other/2045915837_0.tif,2
other/2031295575_0.tif,2
other/tob08634.86_0.tif,2
other/2053473211_3212_0.tif,2
other/2031297140_0.tif,2
other/tob08322.93_tob08322.98_0.tif,2
other/2056308039_0.tif,2
other/2073000372_0380_0.tif,2
other/2078139419_0.tif,2
other/2080737022_0.tif,2
other/0000351005_0.tif,2
other/0000166774_0.tif,2
other/2050234025_0.tif,2
other/2031297560_0.tif,2
other/2030027206_0.tif,2
other/ti16240680_0.tif,2
other/0000340555_0.tif,2
other/2042016181_0.tif,2
other/2085144781_4786_0.tif,2
other/2075973190_3239_0.tif,2
other/0000220178_0.tif,2
other/2085782542a_0.tif,2
other/2085782676b_0.tif,2
other/2041622176_0.tif,2
other/2044312048-a_0.tif,2
other/2057405793_2057405796_0.tif,2
other/2048687211_2048687213_0.tif,2
other/tcal0152907_0.tif,2
other/2057458813_2057458822_0.tif,2
other/2082067129_0.tif,2
other/2083635478a_0.tif,2
other/2031110000_0.tif,2
other/0000037939_0.tif,2
other/2084614589_0.tif,2
other/2065241103_0.tif,2
other/ti16681754_1771_0.tif,2
other/2057436507_2057436510_0.tif,2
other/2053462148_0.tif,2
other/2030014059_2030014060_0.tif,2
other/2061672083_0.tif,2
other/2031366069_0.tif,2
other/2501611764_0.tif,2
other/2044284288_2044284290_0.tif,2
other/0000166957_0.tif,2
other/tnwl0007427_0.tif,2
other/tob14308.49_0.tif,2
other/2063219380_0.tif,2
other/2069717736_0.tif,2
other/2069719246_0.tif,2
other/2072578979_0.tif,2
other/2083781114_0.tif,2
other/2085785662a_0.tif,2
other/2081821201_0.tif,2
other/0000164575_0.tif,2
other/tob04422.45_0.tif,2
other/2073171718_0.tif,2
other/0000099256_0.tif,2
other/2075460960_0.tif,2
other/3000167934_3000167935_0.tif,2
other/2030013030_0.tif,2
other/2031466291_2031466292_0.tif,2
other/2085723271_0.tif,2
other/tnwl0024877_0.tif,2
other/2085122000_0.tif,2
other/0000063121_0.tif,2
other/2069738568_0.tif,2
other/2085769383b_0.tif,2
other/2042247400_0.tif,2
other/0000108249_0.tif,2
other/2078376820_0.tif,2
other/0000099176_0.tif,2
other/2073516227b_0.tif,2
other/2501421114_2501421118_0.tif,2
other/2082743575_3576_0.tif,2
other/2074686634_0.tif,2
other/0000543550_0.tif,2
other/0000074449_0.tif,2
other/2085756914_0.tif,2
other/2505477282_7287_0.tif,2
other/2505940844_0845_0.tif,2
other/2042633866_3947_0.tif,2
other/2064352443_0.tif,2
other/2082919310_0.tif,2
other/2040758695_0.tif,2
other/2055883760_2055883762_0.tif,2
other/2505521614_1624_0.tif,2
other/0000446723_0.tif,2
other/2063623385_2063623386_0.tif,2
other/tnwl0000641_0.tif,2
other/2041723878_0.tif,2
other/2502038987_9111_0.tif,2
other/2505591296_0.tif,2
other/2501422407_0.tif,2
other/2085294317_4318_0.tif,2
other/2071717729_0.tif,2
other/2083397574_0.tif,2
other/0000434133_0.tif,2
other/corti0002176_2179_0.tif,2
other/2071387229_7230_0.tif,2
other/tob11434.41_0.tif,2
other/0000370550_0.tif,2
other/2048282690_2691_0.tif,2
other/2057659114_0.tif,2
other/2073465085_5086_0.tif,2
other/2065104148_4150_0.tif,2
other/2050924872_2050924873_0.tif,2
other/2062293172_0.tif,2
other/2076093856_0.tif,2
other/2055663901_2055663902_0.tif,2
other/2063721568_0.tif,2
other/2057658818_0.tif,2
other/2082397076_0.tif,2
other/2057449747_2057449748_0.tif,2
other/2075314563_0.tif,2
other/thkp0024577_4586_0.tif,2
other/2047320116_0117_0.tif,2
other/2030053741_0.tif,2
other/2065341087_0.tif,2
other/2064797296_0.tif,2
other/2073784410_0.tif,2
other/2069736033_0.tif,2
other/2500082886_0.tif,2
other/2064277527_7587_0.tif,2
other/2076868599_8601_0.tif,2
other/2072197154_0.tif,2
other/2075396926_0.tif,2
other/2072746942a_0.tif,2
other/2070421200_1204_0.tif,2
other/2085217593_7621_0.tif,2
other/0000396244_0.tif,2
other/2075233900_0.tif,2
other/2505304869_4871_0.tif,2
other/2071509000_0.tif,2
other/2085725088b_0.tif,2
other/2085124900b_0.tif,2
other/2070728699_8699a_0.tif,2
other/2065062784_0.tif,2
other/2084419571_9572_0.tif,2
other/2074058301_8302_0.tif,2
other/2048276262_0.tif,2
other/2081839145_0.tif,2
other/2043177092_0.tif,2
other/2505153138_3139_0.tif,2
other/2505347977_7978_0.tif,2
other/ti04470497_0.tif,2
other/2505117099_7101_0.tif,2
other/2044855177_0.tif,2
other/2057448573_0.tif,2
other/2041379072_0.tif,2
other/2040993107_0.tif,2
other/2075188768_0.tif,2
other/titx0904.70_titx0904.79_0.tif,2
other/2083778365_0.tif,2
other/2060579426_0.tif,2
other/tob07519.28_0.tif,2
other/2082849130a_0.tif,2
other/2057669320_0.tif,2
other/2083780349_0.tif,2
other/2501297371_2501297373_0.tif,2
other/2058503084_0.tif,2
other/2075321270_0.tif,2
other/2501743393_0.tif,2
other/2040684365_0.tif,2
other/2064915406_0.tif,2
other/2501666606_2501666607_0.tif,2
other/2060164231_2060164232_0.tif,2
other/2084133265_0.tif,2
other/2040263283_2040263291_0.tif,2
other/ton05100.29_0.tif,2
other/2046942839_2046942842_0.tif,2
other/2051033701_0.tif,2
other/2501316782_0.tif,2
other/2047113382b_0.tif,2
other/2062894937_2062894956_0.tif,2
other/2069729973_0.tif,2
other/2057246451_0.tif,2
other/2064830020_0.tif,2
other/2040284562_2040284563_0.tif,2
other/2501387750_0.tif,2
other/2070039939_0.tif,2
other/2078427576_0.tif,2
other/2070091821_0.tif,2
other/2040928113_0.tif,2
other/2078442993_0.tif,2
other/2031311839_0.tif,2
other/2085760911a_0.tif,2
other/2057486421_0.tif,2
other/2063523217_0.tif,2
other/2505150170_0.tif,2
other/2060376032_0.tif,2
other/0000236735_0.tif,2
other/2057448832_2057448834_0.tif,2
other/0000087217_0.tif,2
other/2069552109_0.tif,2
other/tcal0437089_0.tif,2
other/2041819448_0.tif,2
other/tob10628.55_tob10628.56_0.tif,2
other/2074788401_0.tif,2
other/2070044720a_0.tif,2
other/2070360969b_0.tif,2
other/2078006119_0.tif,2
other/2040854542_0.tif,2
other/2063196359_0.tif,2
other/2078311657_0.tif,2
other/2084053832a_3833_0.tif,2
other/2055408875_0.tif,2
other/tcal0289322_0.tif,2
other/2072097740_7741_0.tif,2
other/2053439916_0.tif,2
other/2076256082_0.tif,2
other/2085172845_0.tif,2
other/2040962148_2040962182_0.tif,2
other/2082719809_0.tif,2
other/2065340335_0.tif,2
other/2031305614_0.tif,2
other/2505156219_0.tif,2
other/2074942397_0.tif,2
other/0000128137_0.tif,2
other/2076111160a_0.tif,2
other/2069730859_0.tif,2
other/2083183185c_3186_0.tif,2
other/2057670411_0.tif,2
other/tob07916.19_0.tif,2
other/2064281549_0.tif,2
other/ti16370114_0.tif,2
other/0000038783_0.tif,2
other/2085136079a_0.tif,2
other/2064259102_0.tif,2
other/2030962736_0.tif,2
other/2041784477_2041784483_0.tif,2
other/2072904624d_4625_0.tif,2
other/2505138086_8132_0.tif,2
other/2061671079_2061671085_0.tif,2
other/2505377997_0.tif,2
other/2071675462_0.tif,2
other/2042684732_2042684733_0.tif,2
other/2057963262_0.tif,2
other/2073764726_0.tif,2
other/2085127342_0.tif,2
other/2031322819_0.tif,2
other/2051163536_0.tif,2
other/ti31669117_0.tif,2
other/2070191056_0.tif,2
other/2505585994_5996_0.tif,2
other/2063658495_0.tif,2
other/ti17130428_0.tif,2
other/2084289072c_9073_0.tif,2
other/tob03009.34_0.tif,2
other/tim01047.77_0.tif,2
other/0000480192_0.tif,2
other/2031042397_0.tif,2
other/tob00618.83_tob00618.84_0.tif,2
other/2048778290_0.tif,2
other/2078701640_0.tif,2
other/2050216552_2050216557_0.tif,2
other/2072356562c_6563_0.tif,2
other/2041399217_0.tif,2
other/0000271229_0.tif,2
other/2046042027_2028_0.tif,2
other/2076548209_8237_0.tif,2
other/2085062627_0.tif,2
other/2504077137_0.tif,2
other/2031296342_0.tif,2
other/2085313523_3524_0.tif,2
other/2050406028_0.tif,2
other/2069726407_0.tif,2
other/2501230406_2501230408_0.tif,2
other/2065364367_4368_0.tif,2
other/2083249166_9179_0.tif,2
other/2085797388_0.tif,2
other/2057237313_0.tif,2
other/2069714250_0.tif,2
other/2060549228_0.tif,2
other/2061647693_0.tif,2
other/2061542323_0.tif,2
other/0000244512_0.tif,2
other/2040943507_0.tif,2
other/2504057954_2504057957_0.tif,2
other/2073815263_0.tif,2
other/2084319744_0.tif,2
other/2057429755_0.tif,2
other/2084614817_0.tif,2
other/2044737614_0.tif,2
other/2064279017_0.tif,2
other/2051477234_2051477235_0.tif,2
other/2501192689_0.tif,2
other/2070622075_2084_0.tif,2
other/2060575940_2060575945_0.tif,2
other/2064318659_0.tif,2
other/2042825206_0.tif,2
other/2078307940_0.tif,2
other/00559682_0.tif,2
other/2074122662_0.tif,2
other/2047389756_0.tif,2
other/2051203279_0.tif,2
other/2049267515_2049267541_0.tif,2
other/2069567063_0.tif,2
other/0000160191_0.tif,2
other/2051542222_0.tif,2
other/2501042045_2501042052_0.tif,2
other/2069731442_0.tif,2
other/tnwl0025507_0.tif,2
other/2057420653_2057420656_0.tif,2
other/2048548056_0.tif,2
other/2072097973_0.tif,2
other/2080726693_6694_0.tif,2
other/2031320920_0.tif,2
other/2049317090_2049317092_0.tif,2
other/2071860830_0865_0.tif,2
other/2040788507_2040788508_0.tif,2
other/ti17180461_0.tif,2
other/2031400411_2031400423_0.tif,2
other/2058176381_0.tif,2
other/2050865501_0.tif,2
other/2047388419_0.tif,2
other/tob14303.06_tob14303.07_0.tif,2
other/2085121091a_0.tif,2
other/0000042968_0.tif,2
other/2073933375_3414_0.tif,2
other/2040791769_0.tif,2
other/2085133669b_0.tif,2
other/2048170004_0.tif,2
other/2031311804_0.tif,2
other/0000553788_0.tif,2
other/2064989304_0.tif,2
other/0000044327_0.tif,2
other/0000341563_0.tif,2
other/2050956737_2050956793_0.tif,2
other/2040935519_0.tif,2
other/2044259380_0.tif,2
other/2054335834_2054335835_0.tif,2
other/2045782808_2045782813_0.tif,2
other/2075387157_0.tif,2
other/2074231007_0.tif,2
other/2069723754_0.tif,2
other/ti17581556_0.tif,2
other/0000038825_0.tif,2
other/2081665476_5479_0.tif,2
other/2084420589_0590_0.tif,2
other/2502313337_3345_0.tif,2
other/2501136695_0.tif,2
other/ti30809246_0.tif,2
other/2050017401_0.tif,2
other/2056698624_2056698636_0.tif,2
other/2058501840_0.tif,2
other/ti16792485_0.tif,2
other/2082618076_0.tif,2
other/2031512851_0.tif,2
other/2062059176_2062059179_0.tif,2
other/0000009578_0.tif,2
other/2040764821_0.tif,2
other/2069712928_0.tif,2
other/2057670950_0.tif,2
other/2054601164_0.tif,2
other/2069730714_0.tif,2
other/2083468147_0.tif,2
other/2040224084_0.tif,2
other/2040786701_0.tif,2
other/2073763212_3218_0.tif,2
other/2075493111_0.tif,2
other/0000398234_0.tif,2
other/2080131455_0.tif,2
other/2078460329_0.tif,2
other/tob14304.42_0.tif,2
other/2500078582_0.tif,2
other/2049166233_0.tif,2
other/2057475131_2057475132_0.tif,2
other/2062408415_2062408451_0.tif,2
other/2069717081_0.tif,2
other/2501979353_9370_0.tif,2
other/2505210717_0.tif,2
other/2057680679_0.tif,2
other/2070711912_0.tif,2
other/2057402510_2057402513_0.tif,2
other/2050755064_0.tif,2
other/2083953289_3301_0.tif,2
other/2055593545_2055593548_0.tif,2
other/2505337682_0.tif,2
other/2060004614_2060004619_0.tif,2
other/tob14027.73_0.tif,2
other/2501268807_0.tif,2
other/2074650775a_0.tif,2
other/2044688176_0.tif,2
other/2072361136_0.tif,2
other/2080147376_0.tif,2
other/2043329000_0.tif,2
other/2074868203_0.tif,2
other/2031321320_0.tif,2
other/2069506352_0.tif,2
other/2050240698_0.tif,2
other/2041797263_0.tif,2
other/2072998168_0.tif,2
other/2061668548_0.tif,2
other/2057439918_2057439920_0.tif,2
other/0000004984_0.tif,2
other/ti16860066_0.tif,2
other/2080817302_0.tif,2
other/2057436869_2057436870_0.tif,2
other/2044416000_0.tif,2
other/2085261926_0.tif,2
other/0000009604_0.tif,2
other/2085108040_0.tif,2
other/2505800634_0.tif,2
other/tnwl0025522_0.tif,2
other/2053578814_0.tif,2
other/2063738156_0.tif,2
other/tob09124.40_0.tif,2
other/2057480123_2057480133_0.tif,2
other/2505225076_0.tif,2
other/2082372065a_0.tif,2
other/2085579684_9685_0.tif,2
other/2065345920_0.tif,2
other/2045987064_0.tif,2
other/tob00109.56_tob00109.61_0.tif,2
other/ton03201.84_0.tif,2
other/2044284760_0.tif,2
other/2041117968_0.tif,2
other/2084426825_6826_0.tif,2
other/0000053258_0.tif,2
other/2040956716_0.tif,2
other/0000082364_0.tif,2
other/2044163217_0.tif,2
other/2073861254_0.tif,2
other/2040004611_0.tif,2
other/2057427695_2057427698_0.tif,2
other/2078798026b_0.tif,2
other/2063047986_0.tif,2
other/2040277376_0.tif,2
other/ti16352030_0.tif,2
other/2501671175_0.tif,2
other/2085697578a_0.tif,2
other/2083635459b_0.tif,2
other/2040963792_0.tif,2
other/2057314180_0.tif,2
other/2084029663_0.tif,2
other/2084082875_0.tif,2
other/2070158710_0.tif,2
other/2057457056_0.tif,2
other/2072826338_0.tif,2
other/2071172203_0.tif,2
other/2046836962_0.tif,2
other/2073582143_0.tif,2
other/2041125251_0.tif,2
other/2064996486_6487_0.tif,2
other/2061999664_2061999736_0.tif,2
other/tob09124.44_0.tif,2
other/2030186080_0.tif,2
other/2048751068_0.tif,2
other/2085760579c_0580_0.tif,2
other/0000176552_0.tif,2
other/2057415710_2057415716_0.tif,2
other/2069543663_0.tif,2
other/PUBLICATIONS024337-4_0.tif,2
other/2067649209_0.tif,2
other/2069734772_0.tif,2
other/2069731959_0.tif,2
other/2081500734a_0.tif,2
other/2082155627_0.tif,2
other/2057728821_0.tif,2
other/2081738355_0.tif,2
other/2057402813_2057402823_0.tif,2
other/2064233026_0.tif,2
other/2078386674_0.tif,2
other/2085217098_0.tif,2
other/tnwl0021863_0.tif,2
other/2081505084a_0.tif,2
other/2043677417_0.tif,2
other/PUBLICATIONS014585-4_0.tif,2
other/2051082183_0.tif,2
other/0000074415_0.tif,2
other/2505284532_4547_0.tif,2
other/2051524344_2051524346_0.tif,2
other/2069728678_0.tif,2
other/2069722072_0.tif,2
other/2071989990_9991_0.tif,2
other/2073798676_0.tif,2
other/2075353803_0.tif,2
other/2042694186_2042694202_0.tif,2
other/2050241046_2050241051_0.tif,2
other/2063621037_0.tif,2
other/2050236574_0.tif,2
other/2501213391_2501213398_0.tif,2
other/2058504887_0.tif,2
other/2085760666_0.tif,2
other/00001554_00001555_0.tif,2
other/2057439561_2057439562_0.tif,2
other/2063870258_0.tif,2
other/2084391365b_0.tif,2
other/2078789494e_0.tif,2
other/2057443839_2057443840_0.tif,2
other/2042017055_0.tif,2
other/2501193985_2501194006_0.tif,2
other/tob08812.04_0.tif,2
other/2074053821_0.tif,2
other/2043328925_0.tif,2
other/2041797372_0.tif,2
other/2501701595_1600_0.tif,2
other/2050935873a_0.tif,2
other/0000202399_0.tif,2
other/2502199456_9473_0.tif,2
other/2031527046_2031527048_0.tif,2
other/2078305893_0.tif,2
other/2054095339_2054095342_0.tif,2
other/2501154060_0.tif,2
other/2070705753_5762_0.tif,2
other/2056279305_9322_0.tif,2
other/2043284463_4472_0.tif,2
other/2061828137_0.tif,2
other/2073870717_0742_0.tif,2
other/2037023139_0.tif,2
other/ti16351172_0.tif,2
other/2044775200_5202_0.tif,2
other/2055096958_6970_0.tif,2
other/tim00938.52_0.tif,2
other/2057347123_0.tif,2
other/2030351328_0.tif,2
other/2505465916_5953_0.tif,2
